{"simple": [[0.9047619047619048, 0.9523809523809523, 0.9523809523809523, 0.6666666666666666], [0.8333333333333334, 0.9523809523809523, 0.9285714285714286, 0.8571428571428571], [0.9047619047619048, 0.9523809523809523, 0.9523809523809523, 0.8571428571428571], [0.8333333333333334, 0.9285714285714286, 0.9523809523809523, 0.8809523809523809], [0.9047619047619048, 0.9285714285714286, 0.8809523809523809, 0.8571428571428571], [0.8095238095238095, 0.9285714285714286, 0.9523809523809523, 0.9761904761904762], [0.8095238095238095, 0.9047619047619048, 0.9285714285714286, 0.9285714285714286], [0.9285714285714286, 0.9761904761904762, 0.9761904761904762, 0.9523809523809523], [0.7857142857142857, 0.8809523809523809, 0.9047619047619048, 0.9761904761904762]], "distance_weighted": [[0.8809523809523809, 0.9285714285714286, 0.9047619047619048, 0.9047619047619048], [0.8095238095238095, 0.9285714285714286, 0.9523809523809523, 0.9761904761904762], [0.9285714285714286, 0.9761904761904762, 0.9761904761904762, 0.9523809523809523], [0.9285714285714286, 0.9047619047619048, 0.9523809523809523, 0.9523809523809523], [0.9523809523809523, 0.9523809523809523, 0.9523809523809523, 0.9523809523809523], [0.9523809523809523, 0.9523809523809523, 0.9523809523809523, 0.9523809523809523], [0.9523809523809523, 0.9523809523809523, 0.9523809523809523, 0.9523809523809523], [0.9523809523809523, 0.9523809523809523, 0.9523809523809523, 0.9523809523809523], [0.9285714285714286, 0.9523809523809523, 0.9285714285714286, 0.9761904761904762]], "attribute_weighted": [[0.9285714285714286, 0.9761904761904762, 0.9047619047619048, 0.6904761904761905], [0.8333333333333334, 0.9285714285714286, 0.9523809523809523, 0.9761904761904762], [0.9285714285714286, 0.9761904761904762, 0.9761904761904762, 0.9047619047619048], [0.9285714285714286, 0.9523809523809523, 0.9761904761904762, 0.9761904761904762], [0.9523809523809523, 0.9761904761904762, 0.9761904761904762, 0.9523809523809523], [0.9523809523809523, 0.9523809523809523, 0.9523809523809523, 0.9761904761904762], [0.9523809523809523, 0.9761904761904762, 0.9761904761904762, 0.9761904761904762], [0.9523809523809523, 0.9523809523809523, 0.9761904761904762, 0.9761904761904762], [0.9285714285714286, 0.9523809523809523, 0.9761904761904762, 0.9761904761904762]], "combined": [[0.9285714285714286, 0.9523809523809523, 0.9285714285714286, 0.9285714285714286], [0.8333333333333334, 0.9047619047619048, 0.9285714285714286, 0.9285714285714286], [0.9285714285714286, 0.9761904761904762, 0.9761904761904762, 0.9523809523809523], [0.9285714285714286, 0.9523809523809523, 0.9761904761904762, 0.9761904761904762], [0.9523809523809523, 0.9523809523809523, 0.9523809523809523, 0.9523809523809523], [0.9523809523809523, 0.9523809523809523, 0.9523809523809523, 0.9523809523809523], [0.9523809523809523, 0.9523809523809523, 0.9523809523809523, 0.9523809523809523], [0.9523809523809523, 0.9523809523809523, 0.9523809523809523, 0.9523809523809523], [0.9285714285714286, 0.9523809523809523, 0.9523809523809523, 0.9523809523809523]]}